{
    "train_loss": [
        0.6988220691680909,
        0.6963729500770569,
        0.6893218994140625,
        0.6944173216819763,
        0.6968700766563416,
        0.691083824634552,
        0.6862050890922546,
        0.6917899966239929
    ],
    "val_loss": [
        0.6932848691940308,
        0.693124532699585,
        0.6928647756576538,
        0.692520022392273,
        0.6916282176971436,
        0.6907786130905151,
        0.6900507211685181,
        0.6881016492843628
    ],
    "train_acc": [
        0.5,
        0.5,
        0.5,
        0.5,
        0.5,
        0.5,
        0.5,
        0.5
    ],
    "val_acc": [
        0.5,
        0.5,
        0.5,
        0.5,
        0.5,
        0.5,
        0.5,
        0.5
    ]
}